Date,Value
2016-07-17,-1230371.13056
2016-07-16,-1263581.17289
2016-07-15,-1128804.24932
2016-07-14,-1084806.10427
2016-07-13,-1086519.59014
2016-07-12,-1074498.08371
2016-07-11,-1122529.24579
2016-07-10,-1270313.16205
2016-07-09,-2234559.93688
2016-07-08,-2151970.83065
2016-07-07,-2146107.78576
2016-07-06,-2599339.36026
2016-07-05,-2107403.2183
2016-07-04,-2673274.22722
2016-07-03,-2417063.65051
2016-07-02,-2321792.83398
2016-07-01,-2898226.1628
2016-06-30,-2630494.47333
2016-06-29,-2005177.60009
2016-06-28,-2439988.41184
2016-06-27,-2254960.76432
2016-06-26,-2429705.96574
2016-06-25,-2544540.93258
2016-06-24,-1861767.5852
2016-06-23,-2051757.18428
2016-06-22,-2086513.88708
2016-06-21,-2528178.45111
2016-06-20,-2887317.85839
2016-06-19,-3461825.47549
2016-06-18,-2777307.78272
2016-06-17,-2656100.04823
2016-06-16,-2984382.79313
2016-06-15,-2310390.97166
2016-06-14,-2319240.00431
2016-06-13,-2800911.42884
2016-06-12,-2345072.87337
2016-06-11,-2190898.90542
2016-06-10,-1986158.89134
2016-06-09,-2305589.8214
2016-06-08,-2198104.50024
2016-06-07,-1916917.01477
2016-06-06,-2541377.70366
2016-06-05,-2131350.52735
2016-06-04,-1755099.29001
2016-06-03,-1991327.20873
2016-06-02,-1989661.26553
2016-06-01,-1635312.81313
2016-05-31,-1889718.46794
2016-05-30,-1657671.53533
2016-05-29,-1937851.57542
2016-05-28,-1795882.03557
2016-05-27,-1566439.44934
2016-05-26,-1502507.57409
2016-05-25,-1475384.5625
2016-05-24,-1564214.07747
2016-05-23,-2037817.75524
2016-05-22,-2018061.52592
2016-05-21,-1481167.71626
2016-05-20,-1582881.49304
2016-05-19,-1487767.19488
2016-05-18,-1542057.03318
2016-05-17,-1629975.93385
2016-05-16,-1494256.32258
2016-05-15,-1763365.20818
2016-05-14,-1481982.50937
2016-05-13,-1689252.30099
2016-05-12,-1592037.56292
2016-05-11,-1560529.23667
2016-05-10,-1702222.06113
2016-05-09,-2086918.28519
2016-05-08,-1760004.15737
2016-05-07,-1760358.92648
2016-05-06,-1879154.11282
2016-05-05,-1723998.56694
2016-05-04,-1777881.78492
2016-05-03,-1703052.2819
2016-05-02,-1629582.24418
2016-05-01,-1719391.87877
2016-04-30,-1682138.61135
2016-04-29,-1690902.63679
2016-04-28,-1457342.8274
2016-04-27,-1524776.7916
2016-04-26,-1575662.74715
2016-04-25,-1497167.82758
2016-04-24,-1473733.74343
2016-04-23,-1641118.36698
2016-04-22,-1562391.37318
2016-04-21,-1817356.24224
2016-04-20,-1595746.45862
2016-04-19,-1592099.43914
2016-04-18,-1423115.97615
2016-04-17,-1614054.81505
2016-04-16,-1519438.80762
2016-04-15,-1535824.27088
2016-04-14,-1728414.58602
2016-04-13,-1647313.61464
2016-04-12,-1597034.46981
2016-04-11,-1568352.25405
2016-04-10,-1820091.35291
2016-04-09,-1675864.55775
2016-04-08,-1469843.48825
2016-04-07,-1509410.27827
2016-04-06,-1612783.28619
2016-04-05,-1550319.05459
2016-04-04,-1699542.59157
2016-04-03,-1517697.24949
2016-04-02,-1544275.64563
2016-04-01,-1406487.64754
2016-03-31,-1284379.12508
2016-03-30,-1617135.47495
2016-03-29,-1738086.35989
2016-03-28,-1483521.64736
2016-03-27,-1618265.4688
2016-03-26,-1513310.8481
2016-03-25,-1495551.53048
2016-03-24,-1555957.98306
2016-03-23,-1561023.74701
2016-03-22,-1529009.03647
2016-03-21,-1277176.51548
2016-03-20,-1537161.58649
2016-03-19,-1353427.44072
2016-03-18,-1393189.38552
2016-03-17,-1393541.83919
2016-03-16,-1747942.77716
2016-03-15,-1558450.24961
2016-03-14,-1544289.94711
2016-03-13,-1338652.37076
2016-03-12,-1471457.40475
2016-03-11,-1699107.57187
2016-03-10,-1656330.83597
2016-03-09,-1682306.2559
2016-03-08,-1363385.89414
2016-03-07,-1578086.99909
2016-03-06,-1403967.67353
2016-03-05,-1568698.70813
2016-03-04,-1560714.53441
2016-03-03,-1370639.0048
2016-03-02,-1654452.74213
2016-03-01,-1357799.89448
2016-02-29,-1448792.57966
2016-02-28,-1596201.35816
2016-02-27,-1398293.48639
2016-02-26,-1572965.3196
2016-02-25,-1507481.49274
2016-02-24,-1282028.64222
2016-02-23,-1387268.36975
2016-02-22,-1406036.01198
2016-02-21,-1351538.28163
2016-02-20,-1717007.8833
2016-02-19,-1433257.5686
2016-02-18,-1867482.81135
2016-02-17,-1444430.22768
2016-02-16,-1497919.68804
2016-02-15,-1473587.16209
2016-02-14,-1796775.12604
2016-02-13,-1472094.46865
2016-02-12,-1501090.22478
2016-02-11,-1791693.13149
2016-02-10,-1584331.19896
2016-02-09,-1558453.89053
2016-02-08,-1497223.65057
2016-02-07,-1686074.56075
2016-02-06,-1765513.3649
2016-02-05,-1723340.32032
2016-02-04,-1765015.79836
2016-02-03,-1584470.92319
2016-02-02,-1509713.16496
2016-02-01,-1617817.45324
2016-01-31,-1674571.11891
2016-01-30,-1657124.59365
2016-01-29,-1586235.31435
2016-01-28,-1395873.87375
2016-01-27,-1499840.93953
2016-01-26,-1597193.85219
2016-01-25,-1656909.77065
2016-01-24,-1664693.25078
2016-01-23,-1722234.0101
2016-01-22,-1571558.02352
2016-01-21,-1348451.58809
2016-01-20,-1471473.36686
2016-01-19,-1395315.30433
2016-01-18,-1670727.89481
2016-01-17,-1326284.64399
2016-01-16,-1274150.85138
2016-01-15,-1190303.68514
2016-01-14,-1411260.0443
2016-01-13,-1628436.303
2016-01-12,-1949811.51699
2016-01-11,-1885043.20282
2016-01-10,-1883650.25774
2016-01-09,-1775994.88657
2016-01-08,-1939798.07299
2016-01-07,-1617885.24601
2016-01-06,-1451545.73422
2016-01-05,-1745629.03601
2016-01-04,-1881799.34113
2016-01-03,-1584573.72558
2016-01-02,-1473297.49135
2016-01-01,-1450581.42014
2015-12-31,-1533970.19595
2015-12-30,-1837534.91789
2015-12-29,-1624465.89356
2015-12-28,-1693740.52548
2015-12-27,-2028698.04703
2015-12-26,-1931600.27932
2015-12-25,-1510323.27031
2015-12-24,-1672681.35531
2015-12-23,-1803145.63182
2015-12-22,-1520145.52542
2015-12-21,-1671208.04196
2015-12-20,-1823619.47144
2015-12-19,-1770422.33679
2015-12-18,-1818394.35392
2015-12-17,-1785346.34315
2015-12-16,-1890817.45907
2015-12-15,-2198887.98434
2015-12-14,-1943044.75075
2015-12-13,-1620009.12444
2015-12-12,-1760915.20157
2015-12-11,-1926161.51433
2015-12-10,-2021962.17677
2015-12-09,-1816535.95984
2015-12-08,-1557400.65522
2015-12-07,-1480563.02949
2015-12-06,-1665440.65477
2015-12-05,-1574067.53514
2015-12-04,-1307455.80614
2015-12-03,-1293661.05844
2015-12-02,-1315257.94696
2015-12-01,-1712998.6745
2015-11-30,-1384976.94344
2015-11-29,-1420748.37482
2015-11-28,-1281751.60125
2015-11-27,-1330147.44366
2015-11-26,-1399243.46363
2015-11-25,-1242936.38614
2015-11-24,-1212170.13954
2015-11-23,-1289681.76741
2015-11-22,-1394951.6828
2015-11-21,-1440535.25571
2015-11-20,-1266228.41931
2015-11-19,-1143106.45081
2015-11-18,-1161025.68875
2015-11-17,-1343259.35867
2015-11-16,-1440488.71748
2015-11-15,-1161164.83112
2015-11-14,-1252911.46909
2015-11-13,-1378218.80997
2015-11-12,-1201868.60644
2015-11-11,-1361922.37104
2015-11-10,-1254371.75641
2015-11-09,-1381397.98191
2015-11-08,-1326059.64419
2015-11-07,-1568018.83913
2015-11-06,-1317572.06525
2015-11-05,-1475739.87971
2015-11-04,-1673237.66163
2015-11-03,-1602090.40495
2015-11-02,-1224465.95116
2015-11-01,-1229609.26064
2015-10-31,-1172677.89936
2015-10-30,-1338786.57133
2015-10-29,-1137938.32468
2015-10-28,-1007769.58311
2015-10-27,-1155329.99491
2015-10-26,-1075604.45594
2015-10-25,-1136025.43872
2015-10-24,-964642.180492
2015-10-23,-1060293.40487
2015-10-22,-1067235.50334
2015-10-21,-967164.307711
2015-10-20,-848562.690373
2015-10-19,-1089158.03121
2015-10-18,-932157.516
2015-10-17,-873563.218625
2015-10-16,-1009301.31751
2015-10-15,-1030553.82071
2015-10-14,-960856.899662
2015-10-13,-829773.261557
2015-10-12,-857347.598876
2015-10-11,-925387.724097
2015-10-10,-909301.249312
2015-10-09,-808136.149709
2015-10-08,-828950.543075
2015-10-07,-821133.017749
2015-10-06,-912976.65753
2015-10-05,-879768.519255
2015-10-04,-899493.610542
2015-10-03,-902899.394892
2015-10-02,-737205.357333
2015-10-01,-913013.168729
2015-09-30,-915203.010857
2015-09-29,-1021799.68619
2015-09-28,-824105.557372
2015-09-27,-833373.191699
2015-09-26,-882282.917524
2015-09-25,-948553.569619
2015-09-24,-842211.80692
2015-09-23,-855896.724281
2015-09-22,-911587.965878
2015-09-21,-741577.842888
2015-09-20,-685880.27788
2015-09-19,-756099.490817
2015-09-18,-832572.436989
2015-09-17,-818713.028264
2015-09-16,-842594.596217
2015-09-15,-930409.392378
2015-09-14,-910772.637329
2015-09-13,-798667.71232
2015-09-12,-790555.287945
2015-09-11,-1030740.54469
2015-09-10,-1005765.16734
2015-09-09,-839942.277339
2015-09-08,-837806.406381
2015-09-07,-814182.861417
2015-09-06,-949528.536957
2015-09-05,-878353.736041
2015-09-04,-871975.845965
2015-09-03,-850221.956336
2015-09-02,-877937.37323
2015-09-01,-861030.97317
2015-08-31,-912203.29694
2015-08-30,-811302.8598
2015-08-29,-936157.968867
2015-08-28,-866642.73394
2015-08-27,-844924.14451
2015-08-26,-880878.483499
2015-08-25,-760270.16219
2015-08-24,-831678.358996
2015-08-23,-778555.223662
2015-08-22,-859411.055407
2015-08-21,-893799.992103
2015-08-20,-897904.056095
2015-08-19,-880721.990333
2015-08-18,-913877.931827
2015-08-17,-921018.983685
2015-08-16,-941491.758483
2015-08-15,-883125.922779
2015-08-14,-888109.866046
2015-08-13,-984011.353944
2015-08-12,-817012.719395
2015-08-11,-1116128.69491
2015-08-10,-1148262.43653
2015-08-09,-890895.069671
2015-08-08,-1053099.4044
2015-08-07,-983551.65137
2015-08-06,-959902.659204
2015-08-05,-880737.500098
2015-08-04,-1016290.16386
2015-08-03,-1038182.18478
2015-08-02,-1095193.04779
2015-08-01,-1140977.1129
2015-07-31,-979288.789712
2015-07-30,-975052.353942
2015-07-29,-1071899.03582
2015-07-28,-1040106.91435
2015-07-27,-1117783.31207
2015-07-26,-1002891.90362
2015-07-25,-1092120.70819
2015-07-24,-1199816.69919
2015-07-23,-1023210.36713
2015-07-22,-1011734.35564
2015-07-21,-968561.572963
2015-07-20,-992183.272777
2015-07-19,-981786.526307
2015-07-18,-1099863.95696
2015-07-17,-993855.794291
2015-07-16,-930086.080082
2015-07-15,-1112005.51762
2015-07-14,-1009518.35894
2015-07-13,-1041014.52021
2015-07-12,-1052989.86806
2015-07-11,-1053095.93642
2015-07-10,-1108031.85248
2015-07-09,-922355.412638
2015-07-08,-1024770.04646
2015-07-07,-976931.678676
2015-07-06,-1153811.23988
2015-07-05,-977171.037329
2015-07-04,-994347.98476
2015-07-03,-1026731.94854
2015-07-02,-887111.880725
2015-07-01,-928659.53472
2015-06-30,-931343.81128
2015-06-29,-864789.300463
2015-06-28,-910375.539242
2015-06-27,-790971.230964
2015-06-26,-888044.024614
2015-06-25,-963650.592639
2015-06-24,-904386.349594
2015-06-23,-866421.215051
2015-06-22,-905772.485228
2015-06-21,-736341.21814
2015-06-20,-812163.234622
2015-06-19,-984808.323967
2015-06-18,-950861.010778
2015-06-17,-881123.680771
2015-06-16,-749605.104887
2015-06-15,-882346.0535
2015-06-14,-837469.539651
2015-06-13,-905331.437642
2015-06-12,-777762.202444
2015-06-11,-883198.620966
2015-06-10,-896030.004801
2015-06-09,-928065.78994
2015-06-08,-800215.078708
2015-06-07,-926317.610833
2015-06-06,-900147.539168
2015-06-05,-792107.489302
2015-06-04,-796725.942862
2015-06-03,-799287.501847
2015-06-02,-816335.549077
2015-06-01,-751657.004123
2015-05-31,-849252.726397
2015-05-30,-712280.837034
2015-05-29,-921655.813729
2015-05-28,-776570.167161
2015-05-27,-848091.815974
2015-05-26,-792110.573091
2015-05-25,-844689.95093
2015-05-24,-844556.316973
2015-05-23,-713093.238284
2015-05-22,-850090.259892
2015-05-21,-899286.711791
2015-05-20,-829151.649442
2015-05-19,-785348.152541
2015-05-18,-806329.542692
2015-05-17,-1016840.43913
2015-05-16,-753951.409716
2015-05-15,-976516.623839
2015-05-14,-830736.215901
2015-05-13,-979276.3557
2015-05-12,-949918.579755
2015-05-11,-905656.6708
2015-05-10,-768261.410307
2015-05-09,-755837.411831
2015-05-08,-901580.320859
2015-05-07,-937982.086649
2015-05-06,-839172.624458
2015-05-05,-899677.676636
2015-05-04,-776067.78947
2015-05-03,-826782.410695
2015-05-02,-857132.427464
2015-05-01,-854283.355249
2015-04-30,-778024.167758
2015-04-29,-723949.734833
2015-04-28,-870422.408629
2015-04-27,-764552.976595
2015-04-26,-810710.117228
2015-04-25,-857258.23646
2015-04-24,-689042.169169
2015-04-23,-808926.824623
2015-04-22,-844663.545264
2015-04-21,-890117.707443
2015-04-20,-928628.114025
2015-04-19,-764724.716383
2015-04-18,-736120.773999
2015-04-17,-742765.649965
2015-04-16,-788740.069169
2015-04-15,-670000.110126
2015-04-14,-849539.475868
2015-04-13,-793018.487111
2015-04-12,-801584.679635
2015-04-11,-806648.688312
2015-04-10,-829744.635078
2015-04-09,-871642.936551
2015-04-08,-727716.979199
2015-04-07,-1011398.04649
2015-04-06,-817507.376723
2015-04-05,-966610.825198
2015-04-04,-973192.591269
2015-04-03,-956602.940878
2015-04-02,-923674.158658
2015-04-01,-857188.334519
2015-03-31,-901297.290572
2015-03-30,-866758.629069
2015-03-29,-918312.855089
2015-03-28,-939956.253046
2015-03-27,-1065285.64447
2015-03-26,-935079.098125
2015-03-25,-1015808.7328
2015-03-24,-1031139.11069
2015-03-23,-1006442.78285
2015-03-22,-863026.170242
2015-03-21,-917959.289777
2015-03-20,-911610.925204
2015-03-19,-927537.678018
2015-03-18,-933079.791085
2015-03-17,-1021861.74462
2015-03-16,-948546.911942
2015-03-15,-1038758.10104
2015-03-14,-948584.436165
2015-03-13,-1002029.23681
2015-03-12,-984551.759573
2015-03-11,-1212617.53307
2015-03-10,-1105132.50824
2015-03-09,-944655.402674
2015-03-08,-1064493.6524
2015-03-07,-968556.782534
2015-03-06,-1070190.30167
2015-03-05,-753272.114275
2015-03-04,-1101225.09302
2015-03-03,-1057602.38253
2015-03-02,-985044.313683
2015-03-01,-925213.531832
2015-02-28,-850336.745687
2015-02-27,-999699.363099
2015-02-26,-851573.768064
2015-02-25,-926888.974788
2015-02-24,-824849.033693
2015-02-23,-808752.512153
2015-02-22,-887962.565664
2015-02-21,-843987.349782
2015-02-20,-1007382.52904
2015-02-19,-987205.410547
2015-02-18,-941757.258016
2015-02-17,-941806.797771
2015-02-16,-927980.718517
2015-02-15,-814088.501679
2015-02-14,-983281.420128
2015-02-13,-835965.41746
2015-02-12,-751229.471918
2015-02-11,-829207.532117
2015-02-10,-822477.115992
2015-02-09,-850973.389812
2015-02-08,-712640.228945
2015-02-07,-965463.254117
2015-02-06,-962031.818901
2015-02-05,-796113.382964
2015-02-04,-893056.223007
2015-02-03,-795041.142126
2015-02-02,-816821.267394
2015-02-01,-935630.872876
2015-01-31,-887295.308619
2015-01-30,-796877.854238
2015-01-29,-988305.658438
2015-01-28,-981474.709868
2015-01-27,-960676.421104
2015-01-26,-857483.801626
2015-01-25,-775360.228714
2015-01-24,-737056.14661
2015-01-23,-719324.301481
2015-01-22,-873978.571708
2015-01-21,-734054.051895
2015-01-20,-635899.672546
2015-01-19,-819654.525801
2015-01-18,-783952.900887
2015-01-17,-672643.226088
2015-01-16,-761666.63704
2015-01-15,-754322.746249
2015-01-14,-663485.471505
2015-01-13,-602750.098153
2015-01-12,-1098187.21522
2015-01-11,-996626.017823
2015-01-10,-975657.507879
2015-01-09,-1047371.1172
2015-01-08,-930199.164095
2015-01-07,-1020449.43667
2015-01-06,-1082881.27442
2015-01-05,-1157863.51127
2015-01-04,-1118862.84316
2015-01-03,-1235953.43245
2015-01-02,-1261208.43928
2015-01-01,-1307628.42895
2014-12-31,-1225973.6977
2014-12-30,-1138410.62792
2014-12-29,-1324296.74893
2014-12-28,-1321738.95358
2014-12-27,-1251693.91098
2014-12-26,-1175733.55985
2014-12-25,-1346004.02178
2014-12-24,-1232591.02315
2014-12-23,-1359933.06913
2014-12-22,-1068044.24404
2014-12-21,-1181414.46892
2014-12-20,-1143891.1768
2014-12-19,-980109.698293
2014-12-18,-1099018.38869
2014-12-17,-1005880.8533
2014-12-16,-1114715.82949
2014-12-15,-1341762.16899
2014-12-14,-1162042.57391
2014-12-13,-1248519.41875
2014-12-12,-1256455.13384
2014-12-11,-1286520.69597
2014-12-10,-1434532.7965
2014-12-09,-1212024.64832
2014-12-08,-1371655.02349
2014-12-07,-1141882.55097
2014-12-06,-1351564.05754
2014-12-05,-1397295.12253
2014-12-04,-1369956.5788
2014-12-03,-1139067.71347
2014-12-02,-1350422.77184
2014-12-01,-1359304.13284
2014-11-30,-1461846.59551
2014-11-29,-1419651.2499
2014-11-28,-1453080.64971
2014-11-27,-1215938.72903
2014-11-26,-1323058.5465
2014-11-25,-1214643.73329
2014-11-24,-1483200.2664
2014-11-23,-1275378.18495
2014-11-22,-1417042.60148
2014-11-21,-1101714.71359
2014-11-20,-1234155.83738
2014-11-19,-1278557.12265
2014-11-18,-1419675.53132
2014-11-17,-1432701.70546
2014-11-16,-1386415.90443
2014-11-15,-1394987.19851
2014-11-14,-1442024.46616
2014-11-13,-1477529.2154
2014-11-12,-1445645.91597
2014-11-11,-1281883.41501
2014-11-10,-1479849.06604
2014-11-09,-1232906.11357
2014-11-08,-1344825.50437
2014-11-07,-1227279.18385
2014-11-06,-1256617.29212
2014-11-05,-1363362.00132
2014-11-04,-1342181.73757
2014-11-03,-1258332.36891
2014-11-02,-1334231.50867
2014-11-01,-1305248.30923
2014-10-31,-1597960.51901
2014-10-30,-1452682.25344
2014-10-29,-1232050.54584
2014-10-28,-1326154.84018
2014-10-27,-1323396.82846
2014-10-26,-1151322.84587
2014-10-25,-1321747.54039
2014-10-24,-1456050.90666
2014-10-23,-1296683.35447
2014-10-22,-1641490.28258
2014-10-21,-1349472.03379
2014-10-20,-1323364.1407
2014-10-19,-1299106.38058
2014-10-18,-1642049.99629
2014-10-17,-1278025.8876
2014-10-16,-1412967.01495
2014-10-15,-1442969.23123
2014-10-14,-1436223.16524
2014-10-13,-1454186.55992
2014-10-12,-1345832.42651
2014-10-11,-1283179.76337
2014-10-10,-1422091.86204
2014-10-09,-1340177.39726
2014-10-08,-1129473.35988
2014-10-07,-1244004.46623
2014-10-06,-1320727.44707
2014-10-05,-1303474.19052
2014-10-04,-1196798.40091
2014-10-03,-1277964.67628
2014-10-02,-1386207.57874
2014-10-01,-1391736.10526
2014-09-30,-1449426.55623
2014-09-29,-1313317.25353
2014-09-28,-1316289.31419
2014-09-27,-1277820.32677
2014-09-26,-1510183.93927
2014-09-25,-1657589.11151
2014-09-24,-1754236.62855
2014-09-23,-1591914.87044
2014-09-22,-1569481.20789
2014-09-21,-1773576.72296
2014-09-20,-1793154.16115
2014-09-19,-1611057.7077
2014-09-18,-1975043.75328
2014-09-17,-2111300.48884
2014-09-16,-1970404.60991
2014-09-15,-1752931.72579
2014-09-14,-2015879.73298
2014-09-13,-2118640.66016
2014-09-12,-1888566.67077
2014-09-11,-1894631.40697
2014-09-10,-1884504.1911
2014-09-09,-1533316.92489
2014-09-08,-1817636.27707
2014-09-07,-1961186.42113
2014-09-06,-2015531.3927
2014-09-05,-1804808.70759
2014-09-04,-2023628.08552
2014-09-03,-1873886.46008
2014-09-02,-1723529.15509
2014-09-01,-1804739.23281
2014-08-31,-2325839.80201
2014-08-30,-2161772.88491
2014-08-29,-2119525.92489
2014-08-28,-2299558.72452
2014-08-27,-2066252.60119
2014-08-26,-2121361.06143
2014-08-25,-1680476.84532
2014-08-24,-2089653.53066
2014-08-23,-1973085.26662
2014-08-22,-2080333.23403
2014-08-21,-2201996.05669
2014-08-20,-1997736.95538
2014-08-19,-2504347.25968
2014-08-18,-2043330.55797
2014-08-17,-2010658.79545
2014-08-16,-2168493.21939
2014-08-15,-2024535.33724
2014-08-14,-2210466.66717
2014-08-13,-2152367.89719
2014-08-12,-2570089.20482
2014-08-11,-2627548.25033
2014-08-10,-2630060.64269
2014-08-09,-2539912.89847
2014-08-08,-2365399.58978
2014-08-07,-2298329.78896
2014-08-06,-2217098.93191
2014-08-05,-1907642.82846
2014-08-04,-1998544.53902
2014-08-03,-2236267.2122
2014-08-02,-2493929.5557
2014-08-01,-2295871.58761
2014-07-31,-2249639.43169
2014-07-30,-2502747.03983
2014-07-29,-2159892.63036
2014-07-28,-1989968.06665
2014-07-27,-2379653.07108
2014-07-26,-2079914.20762
2014-07-25,-2359020.29869
2014-07-24,-2233003.13803
2014-07-23,-2263348.14863
2014-07-22,-2212818.45298
2014-07-21,-2300092.49137
2014-07-20,-2645092.94348
2014-07-19,-2706358.62022
2014-07-18,-2496383.54566
2014-07-17,-2668173.70722
2014-07-16,-2547715.59536
2014-07-15,-2142534.57488
2014-07-14,-2250581.10296
2014-07-13,-2423082.74518
2014-07-12,-2601220.0811
2014-07-11,-2356651.29512
2014-07-10,-2379195.2663
2014-07-09,-2476280.79998
2014-07-08,-2518365.34294
2014-07-07,-2154883.27365
2014-07-06,-2357606.69538
2014-07-05,-2399336.75157
2014-07-04,-2535231.27376
2014-07-03,-2134295.81622
2014-07-02,-2263668.33112
2014-07-01,-2249761.34494
2014-06-30,-1930736.14559
2014-06-29,-2587328.87767
2014-06-28,-2785450.83411
2014-06-27,-2747371.08031
2014-06-26,-2426001.19622
2014-06-25,-2629997.93545
2014-06-24,-2891605.90556
2014-06-23,-2330557.02254
2014-06-22,-2870467.81856
2014-06-21,-2787038.06012
2014-06-20,-2737474.43751
2014-06-19,-2273671.25738
2014-06-18,-2562154.19589
2014-06-17,-2652377.61739
2014-06-16,-3013003.46572
2014-06-15,-2601044.33574
2014-06-14,-2449295.61001
2014-06-13,-2437285.46391
2014-06-12,-2383376.41642
2014-06-11,-2328951.74509
2014-06-10,-2867838.98591
2014-06-09,-2206472.91315
2014-06-08,-2439321.39351
2014-06-07,-2496729.75614
2014-06-06,-2418853.10706
2014-06-05,-2379793.53226
2014-06-04,-2941412.01366
2014-06-03,-3158084.55728
2014-06-02,-2819024.92503
2014-06-01,-3013324.19115
2014-05-31,-2351543.49063
2014-05-30,-2474449.16578
2014-05-29,-1853161.31155
2014-05-28,-2533802.22934
2014-05-27,-1869354.64997
2014-05-26,-2460441.11904
2014-05-25,-2165121.04001
2014-05-24,-2184071.12603
2014-05-23,-2076653.50104
2014-05-22,-2180370.53709
2014-05-21,-2195601.72654
2014-05-20,-2164260.72568
2014-05-19,-1970621.77825
2014-05-18,-1717497.96291
2014-05-17,-2050143.73622
2014-05-16,-2039866.64872
2014-05-15,-1857581.46881
2014-05-14,-1672697.96978
2014-05-13,-1859809.06818
2014-05-12,-1727261.72733
2014-05-11,-1801193.73708
2014-05-10,-1997041.44897
2014-05-09,-1868711.18256
2014-05-08,-1715853.83643
2014-05-07,-1814122.41492
2014-05-06,-1994488.68378
2014-05-05,-1331676.80611
2014-05-04,-1653236.68322
2014-05-03,-1559416.98337
2014-05-02,-1896766.88886
2014-05-01,-1926513.96469
2014-04-30,-1633221.9179
2014-04-29,-1762966.2196
2014-04-28,-1849533.87713
2014-04-27,-1832455.33278
2014-04-26,-2059383.68581
2014-04-25,-1875901.5386
2014-04-24,-1799656.50523
2014-04-23,-2124978.32297
2014-04-22,-1891716.87853
2014-04-21,-2191248.20156
2014-04-20,-2120412.18403
2014-04-19,-2030440.5685
2014-04-18,-1866106.24319
2014-04-17,-2145687.77487
2014-04-16,-1897657.54003
2014-04-15,-2380275.20363
2014-04-14,-2055264.41555
2014-04-13,-2011106.15055
2014-04-12,-1695705.22814
2014-04-11,-1588026.91493
2014-04-10,-1745832.49753
2014-04-09,-1600354.16358
2014-04-08,-1764017.91781
2014-04-07,-1628024.63475
2014-04-06,-1627614.10138
2014-04-05,-2016490.80188
2014-04-04,-2235131.7713
2014-04-03,-2314821.8394
2014-04-02,-2052299.69677
2014-04-01,-2139790.04737
2014-03-31,-1913938.74782
2014-03-30,-1667772.3249
2014-03-29,-2132288.51113
2014-03-28,-2294802.89703
2014-03-27,-2164683.1137
2014-03-26,-2304388.83981
2014-03-25,-2181215.56378
2014-03-24,-2838624.59082
2014-03-23,-2898380.23967
2014-03-22,-2442665.3078
2014-03-21,-2615723.24401
2014-03-20,-2455178.51958
2014-03-19,-2350037.1938
2014-03-18,-2266224.92962
2014-03-17,-2770847.61697
2014-03-16,-2501418.50096
2014-03-15,-2776272.40264
2014-03-14,-2202817.6157
2014-03-13,-2705478.19701
2014-03-12,-2685725.07965
2014-03-11,-2606554.71044
2014-03-10,-2556730.5086
2014-03-09,-2608064.40154
2014-03-08,-2656468.40381
2014-03-07,-2585728.20762
2014-03-06,-2651155.94369
2014-03-05,-2666245.76653
2014-03-04,-2342342.85098
2014-03-03,-2356238.25228
2014-03-02,-2079338.20153
2014-03-01,-2106036.01655
2014-02-28,-2707623.99739
2014-02-27,-2654377.08911
2014-02-26,-2640156.19972
2014-02-25,-2234252.95098
2014-02-24,-2472130.82417
2014-02-23,-2844419.1789
2014-02-22,-2468726.70871
2014-02-21,-2369550.59784
2014-02-20,-2482346.63215
2014-02-19,-2970756.47693
2014-02-18,-2601515.10149
2014-02-17,-2656350.22929
2014-02-16,-3001450.09427
2014-02-15,-2922434.97893
2014-02-14,-3197742.5654
2014-02-13,-2844078.97048
2014-02-12,-2774129.91838
2014-02-11,-2789228.61078
2014-02-10,-2534775.75456
2014-02-09,-2672397.3706
2014-02-08,-3084397.96295
2014-02-07,-3052375.78926
2014-02-06,-3236504.43541
2014-02-05,-3408894.08392
2014-02-04,-3407215.64895
2014-02-03,-3936831.10826
2014-02-02,-3638911.62412
2014-02-01,-4008242.37787
2014-01-31,-3680226.85969
2014-01-30,-3186786.23825
2014-01-29,-3163178.15492
2014-01-28,-3309765.56777
2014-01-27,-3117389.99262
2014-01-26,-3297718.35444
2014-01-25,-3113263.8702
2014-01-24,-3853180.97539
2014-01-23,-3604900.76985
2014-01-22,-3850658.18826
2014-01-21,-3523427.76073
2014-01-20,-3793879.23024
2014-01-19,-3821746.53755
2014-01-18,-3255919.50994
2014-01-17,-3021378.89717
2014-01-16,-4143425.53602
2014-01-15,-3607399.74637
2014-01-14,-3149516.2732
2014-01-13,-4089817.64966
2014-01-12,-4032410.89495
2014-01-11,-4604200.44771
2014-01-10,-4168049.80818
2014-01-09,-3651015.12678
2014-01-08,-4052760.95532
2014-01-07,-4041666.54453
2014-01-06,-4106123.43148
2014-01-05,-4020134.97355
2014-01-04,-3032378.02798
2014-01-03,-3273563.66517
2014-01-02,-2757545.12701
2014-01-01,-3727640.67268
2013-12-31,-3080117.87903
2013-12-30,-3573611.53241
2013-12-29,-2672270.26502
2013-12-28,-2868320.18014
2013-12-27,-3120681.58586
2013-12-26,-3277879.95947
2013-12-25,-2821502.76535
2013-12-24,-2677985.55003
2013-12-23,-2536284.38886
2013-12-22,-2636451.92496
2013-12-21,-2486934.02544
2013-12-20,-3322277.82016
2013-12-19,-3515875.23967
2013-12-18,-3014177.48283
2013-12-17,-3446206.19095
2013-12-16,-3410991.13862
2013-12-15,-3764796.64217
2013-12-14,-4312069.36855
2013-12-13,-3614038.46888
2013-12-12,-3497261.00271
2013-12-11,-3484810.46664
2013-12-10,-4689606.47767
2013-12-09,-4234959.48701
2013-12-08,-3211975.18944
2013-12-07,-3476075.93398
2013-12-06,-4699232.75092
2013-12-05,-4373541.98475
2013-12-04,-5068845.98839
2013-12-03,-5011832.48447
2013-12-02,-4024007.69107
2013-12-01,-4711563.38152
2013-11-30,-4455182.17178
2013-11-29,-4984941.81029
2013-11-28,-4557668.73946
2013-11-27,-3961112.85849
2013-11-26,-3443762.03074
2013-11-25,-3647306.24547
2013-11-24,-3567942.53858
2013-11-23,-3375540.01236
2013-11-22,-3140182.34632
2013-11-21,-2552846.75509
2013-11-20,-2409641.9963
2013-11-19,-2151737.08459
2013-11-18,-2376216.8204
2013-11-17,-2226982.26049
2013-11-16,-2117603.42122
2013-11-15,-1737125.60765
2013-11-14,-1749743.38059
2013-11-13,-1831195.93229
2013-11-12,-1665301.47095
2013-11-11,-1633433.9704
2013-11-10,-1231438.14339
2013-11-09,-1246102.92317
2013-11-08,-1047263.62003
2013-11-07,-1090993.49189
2013-11-06,-1015263.83849
2013-11-05,-1036551.34541
2013-11-04,-1110332.85471
2013-11-03,-1008399.13616
2013-11-02,-1102640.51664
2013-11-01,-958194.701026
2013-10-31,-1047356.83408
2013-10-30,-988864.280405
2013-10-29,-787918.784955
2013-10-28,-869632.848302
2013-10-27,-828265.345794
2013-10-26,-884413.351963
2013-10-25,-1028780.3549
2013-10-24,-1013304.83489
2013-10-23,-1047403.04342
2013-10-22,-1185838.46735
2013-10-21,-883255.266502
2013-10-20,-890211.435518
2013-10-19,-897736.085105
2013-10-18,-644443.932968
2013-10-17,-635739.861386
2013-10-16,-771293.77342
2013-10-15,-856762.052751
2013-10-14,-871840.39139
2013-10-13,-738719.143164
2013-10-12,-623976.845564
2013-10-11,-557656.933112
2013-10-10,-612587.45525
2013-10-09,-573646.469587
2013-10-08,-480972.20182
2013-10-07,-468691.262747
2013-10-06,-611406.775662
2013-10-05,-637720.027537
2013-10-04,-538808.130408
2013-10-03,-603418.269241
2013-10-02,-448135.020254
2013-10-01,-618259.821209
2013-09-30,-512509.134247
2013-09-29,-535489.451896
2013-09-28,-537265.504319
2013-09-27,-542246.014192
2013-09-26,-525988.726865
2013-09-25,-660535.58505
2013-09-24,-612123.60041
2013-09-23,-675211.090601
2013-09-22,-628942.789114
2013-09-21,-574129.518583
2013-09-20,-593741.737774
2013-09-19,-591159.308034
2013-09-18,-441737.668199
2013-09-17,-552852.96658
2013-09-16,-528675.512654
2013-09-15,-570947.32588
2013-09-14,-668604.211146
2013-09-13,-670132.356542
2013-09-12,-664732.795331
2013-09-11,-620671.938185
2013-09-10,-570299.26575
2013-09-09,-583306.605275
2013-09-08,-438782.064305
2013-09-07,-486318.829645
2013-09-06,-577548.423719
2013-09-05,-503143.735747
2013-09-04,-548201.532131
2013-09-03,-599298.481069
2013-09-02,-763664.874798
2013-09-01,-722742.89293
2013-08-31,-709236.475419
2013-08-30,-599827.287678
2013-08-29,-586092.928805
2013-08-28,-468828.949581
2013-08-27,-499231.194039
2013-08-26,-452515.833082
2013-08-25,-400146.85106
2013-08-24,-502820.377178
2013-08-23,-573940.379709
2013-08-22,-573140.120877
2013-08-21,-561465.410421
2013-08-20,-468481.067765
2013-08-19,-450351.75863
2013-08-18,-483224.859541
2013-08-17,-457077.876614
2013-08-16,-419100.430293
2013-08-15,-404026.615201
2013-08-14,-380811.830404
2013-08-13,-511863.097858
2013-08-12,-598561.342431
2013-08-11,-552073.351414
2013-08-10,-507512.215961
2013-08-09,-527269.5539
2013-08-08,-509538.642732
2013-08-07,-461452.937754
2013-08-06,-500692.940314
2013-08-05,-507841.376592
2013-08-04,-444056.648109
2013-08-03,-461596.822712
2013-08-02,-496797.885267
2013-08-01,-478597.613224
2013-07-31,-517376.178152
2013-07-30,-467479.995043
2013-07-29,-416205.070208
2013-07-28,-436101.841763
2013-07-27,-389796.708443
2013-07-26,-426758.430998
2013-07-25,-326130.702877
2013-07-24,-357360.855051
2013-07-23,-342766.154631
2013-07-22,-411027.295107
2013-07-21,-431226.075145
2013-07-20,-427552.995764
2013-07-19,-391575.694186
2013-07-18,-386225.536946
2013-07-17,-410650.370897
2013-07-16,-394441.228164
2013-07-15,-418256.798961
2013-07-14,-383090.389885
2013-07-13,-359968.199844
2013-07-12,-400290.489027
2013-07-11,-415372.851555
2013-07-10,-333904.276207
2013-07-09,-380863.971573
2013-07-08,-358585.141473
2013-07-07,-330425.620473
2013-07-06,-323724.532967
2013-07-05,-298006.428346
2013-07-04,-337466.091761
2013-07-03,-359807.66268
2013-07-02,-348163.505868
2013-07-01,-345159.480227
2013-06-30,-393731.540409
2013-06-29,-383335.755311
2013-06-28,-401296.618055
2013-06-27,-423172.50129
2013-06-26,-489326.401185
2013-06-25,-380544.437808
2013-06-24,-360683.568635
2013-06-23,-469433.078892
2013-06-22,-464114.210778
2013-06-21,-473912.691615
2013-06-20,-401681.011622
2013-06-19,-333087.524845
2013-06-18,-388000.852747
2013-06-17,-383498.34889
2013-06-16,-464592.53081
2013-06-15,-444869.329728
2013-06-14,-426183.008381
2013-06-13,-521680.701749
2013-06-12,-536107.46485
2013-06-11,-470098.11602
2013-06-10,-468768.908399
2013-06-09,-407519.804045
2013-06-08,-447835.090459
2013-06-07,-439472.156017
2013-06-06,-531835.715973
2013-06-05,-610724.983145
2013-06-04,-625151.221714
2013-06-03,-621059.57549
2013-06-02,-609689.245606
2013-06-01,-634451.73601
2013-05-31,-585900.039529
2013-05-30,-547338.562165
2013-05-29,-539164.177222
2013-05-28,-512698.095956
2013-05-27,-563883.679692
2013-05-26,-535427.987539
2013-05-25,-563138.320377
2013-05-24,-527053.552782
2013-05-23,-499109.569568
2013-05-22,-502201.222175
2013-05-21,-451045.870201
2013-05-20,-417123.529308
2013-05-19,-460958.000975
2013-05-18,-449899.154242
2013-05-17,-490055.069606
2013-05-16,-410541.442827
2013-05-15,-416860.879986
2013-05-14,-430819.947327
2013-05-13,-521703.096042
2013-05-12,-501975.297091
2013-05-11,-497524.234703
2013-05-10,-484231.102938
2013-05-09,-447181.980541
2013-05-08,-458722.467955
2013-05-07,-465152.741477
2013-05-06,-486702.831959
2013-05-05,-449379.515705
2013-05-04,-426373.356227
2013-05-03,-337742.541336
2013-05-02,-372216.251771
2013-05-01,-433694.003576
2013-04-30,-510586.561963
2013-04-29,-635217.631637
2013-04-28,-563328.956669
2013-04-27,-503350.062049
2013-04-26,-576189.377297
2013-04-25,-593028.497812
2013-04-24,-658051.547283
2013-04-23,-535195.399794
2013-04-22,-494568.026896
2013-04-21,-539537.017279
2013-04-20,-443091.923005
2013-04-19,-367553.919843
2013-04-18,-385904.338399
2013-04-17,-352683.556033
2013-04-16,-411983.603022
2013-04-15,-357026.350935
2013-04-14,-366207.494623
2013-04-13,-430396.485545
2013-04-12,-326587.419148
2013-04-11,-498264.752805
2013-04-10,-896954.958239
2013-04-09,-989273.346489
2013-04-08,-768448.076959
2013-04-07,-640286.455969
2013-04-06,-592487.86024
2013-04-05,-510107.444251
2013-04-04,-517485.557535
2013-04-03,-607523.348079
2013-04-02,-469429.18852
2013-04-01,-553242.767617
2013-03-31,-358040.510819
2013-03-30,-373468.90117
2013-03-29,-398383.418519
2013-03-28,-414463.05856
2013-03-27,-274806.677582
2013-03-26,-300770.471141
2013-03-25,-247719.517382
2013-03-24,-377585.646661
2013-03-23,-326843.205586
2013-03-22,-397566.26905
2013-03-21,-407981.568189
2013-03-20,-294274.951871
2013-03-19,-281375.663057
2013-03-18,-211500.55697
2013-03-17,-239296.13318
2013-03-16,-205496.320105
2013-03-15,-197850.969969
2013-03-14,-216022.778345
2013-03-13,-177230.802699
2013-03-12,-130534.88665
2013-03-11,-219275.603394
2013-03-10,-212058.56509
2013-03-09,-193714.120794
2013-03-08,-154483.525948
2013-03-07,-154737.139759
2013-03-06,-189496.92725
2013-03-05,-148101.903222
2013-03-04,-157089.063432
2013-03-03,-128167.128684
2013-03-02,-126315.060606
2013-03-01,-135284.372873
2013-02-28,-141145.803845
2013-02-27,-157729.457012
2013-02-26,-119117.825777
2013-02-25,-145511.783247
2013-02-24,-122816.135377
2013-02-23,-117127.267227
2013-02-22,-122616.009651
2013-02-21,-145353.230405
2013-02-20,-127487.675634
2013-02-19,-118024.115865
2013-02-18,-106884.911511
2013-02-17,-117821.173178
2013-02-16,-126446.562419
2013-02-15,-117354.725624
2013-02-14,-107463.630098
2013-02-13,-101098.129324
2013-02-12,-90874.7839956
2013-02-11,-94983.5986234
2013-02-10,-95784.5258779
2013-02-09,-79588.9114671
2013-02-08,-82983.3654111
2013-02-07,-80949.9214181
2013-02-06,-81421.263654
2013-02-05,-88504.9317357
2013-02-04,-91623.0853268
2013-02-03,-83808.6438485
2013-02-02,-83771.222989
2013-02-01,-80424.3432613
2013-01-31,-100885.78881
2013-01-30,-70641.5342163
2013-01-29,-79184.5176312
2013-01-28,-67477.8401534
2013-01-27,-67540.290039
2013-01-26,-65224.8577487
2013-01-25,-64695.0265514
2013-01-24,-70182.0128296
2013-01-23,-58119.6396078
2013-01-22,-55762.5490307
2013-01-21,-61456.9687398
2013-01-20,-51901.3980876
2013-01-19,-54848.2570177
2013-01-18,-49317.5771778
2013-01-17,-46757.366728
2013-01-16,-44580.6060425
2013-01-15,-45475.9696812
2013-01-14,-54547.6943536
2013-01-13,-43146.7421841
2013-01-12,-42140.7294185
2013-01-11,-42626.3251131
2013-01-10,-50088.8865657
2013-01-09,-46027.6993479
2013-01-08,-49375.8523725
2013-01-07,-56037.5712389
2013-01-06,-47530.4972486
2013-01-05,-50058.9925535
2013-01-04,-46973.0630161
2013-01-03,-53375.5682905
2013-01-02,-51868.9614527
2013-01-01,-55283.1147514
2012-12-31,-56711.1288904
2012-12-30,-53803.7303814
2012-12-29,-45376.4377465
2012-12-28,-59533.7802428
2012-12-27,-53739.5064374
2012-12-26,-47844.6977963
2012-12-25,-41068.7224369
2012-12-24,-42289.9559115
2012-12-23,-46087.926807
2012-12-22,-48380.5884658
2012-12-21,-40798.2114015
2012-12-20,-36623.8546257
2012-12-19,-47375.491517
2012-12-18,-41709.9300726
2012-12-17,-42083.3988301
2012-12-16,-38913.8193056
2012-12-15,-40264.0432536
2012-12-14,-35685.926118
2012-12-13,-46329.3292479
2012-12-12,-43612.3123792
2012-12-11,-49026.9961198
2012-12-10,-47660.7565593
2012-12-09,-43641.8367717
2012-12-08,-45391.6843656
2012-12-07,-42052.725768
2012-12-06,-48512.3103962
2012-12-05,-40139.9097547
2012-12-04,-35669.3251098
2012-12-03,-47307.2547122
2012-12-02,-47676.44209
2012-12-01,-50370.5845386
2012-11-30,-40519.4673837
2012-11-29,-51581.164831
2012-11-28,-97771.5033244
2012-11-27,-94226.0524247
2012-11-26,-100234.413555
2012-11-25,-88480.742012
2012-11-24,-100245.357396
2012-11-23,-89819.2154076
2012-11-22,-89964.8978697
2012-11-21,-90349.3489404
2012-11-20,-93794.6850793
2012-11-19,-72251.0002503
2012-11-18,-93763.3423774
2012-11-17,-82860.4533443
2012-11-16,-82808.1613178
2012-11-15,-75246.6632386
2012-11-14,-79308.9967959
2012-11-13,-75472.1067822
2012-11-12,-78615.4418039
2012-11-11,-72001.3592057
2012-11-10,-87437.165813
2012-11-09,-80029.8155631
2012-11-08,-89587.6345201
2012-11-07,-87716.6066803
2012-11-06,-73801.4947047
2012-11-05,-83103.3880235
2012-11-04,-85246.9830083
2012-11-03,-75578.7278163
2012-11-02,-80990.1364078
2012-11-01,-75884.7135358
2012-10-31,-77165.5133683
2012-10-30,-80579.8971726
2012-10-29,-86339.6818176
2012-10-28,-89518.2428056
2012-10-27,-96316.4107164
2012-10-26,-89167.4513213
2012-10-25,-80585.0782013
2012-10-24,-91933.5123692
2012-10-23,-81907.5404521
2012-10-22,-97750.1648973
2012-10-21,-92929.5778477
2012-10-20,-81568.3490789
2012-10-19,-94930.7846148
2012-10-18,-92472.6309005
2012-10-17,-83727.4481905
2012-10-16,-90812.6835878
2012-10-15,-94204.6439158
2012-10-14,-82603.5886876
2012-10-13,-88302.0551589
2012-10-12,-91501.9137592
2012-10-11,-83804.3632891
2012-10-10,-90243.1471059
2012-10-09,-89229.6209099
2012-10-08,-99911.4385959
2012-10-07,-86951.6576288
2012-10-06,-91285.0301079
2012-10-05,-87976.885821
2012-10-04,-86012.7808519
2012-10-03,-88701.061401
2012-10-02,-87255.0749119
2012-10-01,-92171.5308304
2012-09-30,-94655.5934737
2012-09-29,-104730.259633
2012-09-28,-101319.213875
2012-09-27,-88867.7865907
2012-09-26,-87576.0666129
2012-09-25,-90896.5206666
2012-09-24,-95595.2212391
2012-09-23,-91261.1814096
2012-09-22,-106816.927973
2012-09-21,-102074.783683
2012-09-20,-92984.4575204
2012-09-19,-89878.0288826
2012-09-18,-100711.688838
2012-09-17,-105096.661639
2012-09-16,-89752.6336
2012-09-15,-84173.9568512
2012-09-14,-94923.4880694
2012-09-13,-82413.4030523
2012-09-12,-79959.4542737
2012-09-11,-88105.4561271
2012-09-10,-79865.6203353
2012-09-09,-85013.8401945
2012-09-08,-78201.8171725
2012-09-07,-96882.292409
2012-09-06,-103563.08899
2012-09-05,-94943.5036143
2012-09-04,-67473.6107016
2012-09-03,-94111.9845371
2012-09-02,-77628.7073107
2012-09-01,-84622.0839629
2012-08-31,-77125.6640974
2012-08-30,-86103.2402496
2012-08-29,-92767.7450307
2012-08-28,-85086.3736416
2012-08-27,-90164.6609446
2012-08-26,-93211.0527056
2012-08-25,-66912.8087456
2012-08-24,-79757.1710231
2012-08-23,-84341.7751929
2012-08-22,-76184.9729722
2012-08-21,-92975.2725686
2012-08-20,-98930.8336923
2012-08-19,-94572.5390879
2012-08-18,-112608.125985
2012-08-17,-109638.915398
2012-08-16,-106124.507875
2012-08-15,-107972.164649
2012-08-14,-98990.5892703
2012-08-13,-90508.084268
2012-08-12,-99208.4597148
2012-08-11,-91421.7760483
2012-08-10,-94588.0698268
2012-08-09,-95179.5617698
2012-08-08,-94193.1064717
2012-08-07,-82016.9600101
2012-08-06,-79351.7420899
2012-08-05,-80830.6160344
2012-08-04,-84476.1580838
2012-08-03,-95978.3165163
2012-08-02,-75265.3115365
2012-08-01,-67064.1562223
2012-07-31,-62588.6763983
2012-07-30,-84439.9093081
2012-07-29,-64287.5077826
2012-07-28,-75720.1044817
2012-07-27,-75044.1782703
2012-07-26,-79043.6886359
2012-07-25,-67394.7276119
2012-07-24,-71970.7079705
2012-07-23,-68786.9101618
2012-07-22,-62411.8142093
2012-07-21,-72469.5740486
2012-07-20,-63894.7932259
2012-07-19,-66126.4695217
2012-07-18,-70725.0051603
2012-07-17,-83794.2490046
2012-07-16,-61168.444729
2012-07-15,-56854.6283066
2012-07-14,-57156.3201442
2012-07-13,-63494.542756
2012-07-12,-55148.1114715
2012-07-11,-49581.3682387
2012-07-10,-54490.0612838
2012-07-09,-56782.2527561
2012-07-08,-52813.8532131
2012-07-07,-57068.5994217
2012-07-06,-51435.2216257
2012-07-05,-46283.8734599
2012-07-04,-51993.5865905
2012-07-03,-48926.4592945
2012-07-02,-54247.7227685
2012-07-01,-46121.490545
2012-06-30,-47425.4652666
2012-06-29,-46556.787435
2012-06-28,-44903.1430044
2012-06-27,-52985.7176166
2012-06-26,-47613.5570318
2012-06-25,-49246.776771
2012-06-24,-46034.6138569
2012-06-23,-53768.9423126
2012-06-22,-47734.4596318
2012-06-21,-41301.3039006
2012-06-20,-45076.4251142
2012-06-19,-59273.7553629
2012-06-18,-50595.1995818
2012-06-17,-53060.0854628
2012-06-16,-52593.8531127
2012-06-15,-48792.1953035
2012-06-14,-43221.4208699
2012-06-13,-48066.3492806
2012-06-12,-39828.1981044
2012-06-11,-42585.3148548
2012-06-10,-47632.8154186
2012-06-09,-47466.4964493
2012-06-08,-41788.8099543
2012-06-07,-34719.3783632
2012-06-06,-46148.8171266
2012-06-05,-37235.0889648
2012-06-04,-39704.2201873
2012-06-03,-41511.7202062
2012-06-02,-41123.6071819
2012-06-01,-39705.860271
2012-05-31,-37816.4015492
2012-05-30,-30947.7620349
2012-05-29,-34982.6116818
2012-05-28,-35499.6661068
2012-05-27,-42134.8683711
2012-05-26,-34668.8633489
2012-05-25,-29771.6074946
2012-05-24,-35210.9541913
2012-05-23,-31134.9545388
2012-05-22,-29877.8524803
2012-05-21,-33880.809452
2012-05-20,-36451.50511
2012-05-19,-37371.9720835
2012-05-18,-36855.1684639
2012-05-17,-30241.6410564
2012-05-16,-28432.7090281
2012-05-15,-33239.7436937
2012-05-14,-35864.9983723
2012-05-13,-32941.7941264
2012-05-12,-34185.5213874
2012-05-11,-30895.717168
2012-05-10,-36849.2308476
2012-05-09,-41711.6939147
2012-05-08,-47364.802328
2012-05-07,-43505.7948798
2012-05-06,-43808.1656653
2012-05-05,-40114.9941434
2012-05-04,-39858.2722894
2012-05-03,-42983.1527161
2012-05-02,-39842.9191651
2012-05-01,-44717.5431182
2012-04-30,-42225.1814165
2012-04-29,-41623.6305569
2012-04-28,-39889.9919727
2012-04-27,-32328.5861518
2012-04-26,-39816.9461397
2012-04-25,-35576.7643421
2012-04-24,-31951.7133438
2012-04-23,-38590.4371077
2012-04-22,-39671.3420998
2012-04-21,-40243.6744253
2012-04-20,-40036.1037626
2012-04-19,-40451.1315438
2012-04-18,-31556.6051288
2012-04-17,-35618.8954903
2012-04-16,-33093.7371833
2012-04-15,-29135.6673645
2012-04-14,-33419.9154709
2012-04-13,-31129.3647757
2012-04-12,-34327.3376799
2012-04-11,-34960.8079584
2012-04-10,-35012.0133797
2012-04-09,-36221.6007953
2012-04-08,-35021.7289224
2012-04-07,-32848.5988298
2012-04-06,-30479.4770617
2012-04-05,-29391.2011803
2012-04-04,-35018.8550134
2012-04-03,-32040.8203222
2012-04-02,-32236.9629126
2012-04-01,-36946.0976808
2012-03-31,-40319.4317538
2012-03-30,-36205.4642547
2012-03-29,-33760.5846467
2012-03-28,-38502.391051
2012-03-27,-35057.278874
2012-03-26,-35973.8440216
2012-03-25,-39037.5754166
2012-03-24,-40819.8368548
2012-03-23,-31376.3759836
2012-03-22,-38047.8264554
2012-03-21,-39426.5513634
2012-03-20,-36830.6563658
2012-03-19,-41925.7036536
2012-03-18,-41947.6343986
2012-03-17,-46415.424272
2012-03-16,-38566.9870442
2012-03-15,-35129.8128765
2012-03-14,-37533.7610003
2012-03-13,-41061.5582628
2012-03-12,-41887.3648521
2012-03-11,-33168.1389167
2012-03-10,-42706.0381497
2012-03-09,-41066.5166004
2012-03-08,-38978.5708402
2012-03-07,-37746.2791629
2012-03-06,-37345.8966975
2012-03-05,-33240.9279536
2012-03-04,-31830.6134588
2012-03-03,-28426.125072
2012-03-02,-33153.845715
2012-03-01,-38843.7602586
2012-02-29,-45554.545819
2012-02-28,-37472.6236392
2012-02-27,-40265.6030077
2012-02-26,-37992.4840798
2012-02-25,-42312.8726907
2012-02-24,-37661.3737598
2012-02-23,-41347.7673491
2012-02-22,-35623.8812307
2012-02-21,-28370.2155786
2012-02-20,-32978.248449
2012-02-19,-34006.0304247
2012-02-18,-39329.5160242
2012-02-17,-33849.9910619
2012-02-16,-30486.1769098
2012-02-15,-34573.4968901
2012-02-14,-38041.0211247
2012-02-13,-42014.4669646
2012-02-12,-46779.6519525
2012-02-11,-41375.5255798
2012-02-10,-43507.5374393
2012-02-09,-41725.4500216
2012-02-08,-38580.2614337
2012-02-07,-40795.0191169
2012-02-06,-42820.0497309
2012-02-05,-40518.4302047
2012-02-04,-49146.8524124
2012-02-03,-49140.07745
2012-02-02,-50464.7417857
2012-02-01,-38013.2552132
2012-01-31,-44478.1326272
2012-01-30,-46451.9545306
2012-01-29,-45669.4067436
2012-01-28,-44512.4135621
2012-01-27,-39416.5238569
2012-01-26,-40255.6498795
2012-01-25,-49939.0087647
2012-01-24,-43919.303013
2012-01-23,-55161.0248419
2012-01-22,-41514.4339916
2012-01-21,-58587.6183724
2012-01-20,-45114.1578399
2012-01-19,-42794.2933378
2012-01-18,-49267.1015323
2012-01-17,-54980.3224581
2012-01-16,-56571.6188425
2012-01-15,-51679.0635189
2012-01-14,-53920.7670487
2012-01-13,-42453.8016557
2012-01-12,-57782.4233555
2012-01-11,-54211.834359
2012-01-10,-50265.0257414
2012-01-09,-57915.6229459
2012-01-08,-57935.2044998
2012-01-07,-63456.8727056
2012-01-06,-61321.9486043
2012-01-05,-46997.1340336
2012-01-04,-43088.7901216
2012-01-03,-42818.4075567
2012-01-02,-41770.6024942
2012-01-01,-38723.2424311
2011-12-31,-40191.6661552
2011-12-30,-27504.8605219
2011-12-29,-30292.5265123
2011-12-28,-31402.6260567
2011-12-27,-32265.7640584
2011-12-26,-37073.5873504
2011-12-25,-38178.1644401
2011-12-24,-26060.4963499
2011-12-23,-30007.7518423
2011-12-22,-27528.1418334
2011-12-21,-31836.090731
2011-12-20,-30348.7334793
2011-12-19,-27924.3500148
2011-12-18,-23874.8439873
2011-12-17,-23570.1830624
2011-12-16,-20016.8396812
2011-12-15,-19611.9838124
2011-12-14,-23582.4514311
2011-12-13,-21269.2357909
2011-12-12,-21373.7805408
2011-12-11,-24197.4263823
2011-12-10,-23854.8102334
2011-12-09,-22935.4501168
2011-12-08,-23859.8124245
2011-12-07,-22640.3760792
2011-12-06,-24236.8269189
2011-12-05,-23429.4056095
2011-12-04,-20471.0085729
2011-12-03,-23462.1125283
2011-12-02,-24619.791066
2011-12-01,-29031.4497591
2011-11-30,-21590.9383163
2011-11-29,-20704.7101417
2011-11-28,-15734.0102403
2011-11-27,-14223.2262487
2011-11-26,-16064.3164913
2011-11-25,-16630.31015
2011-11-24,-13767.4092056
2011-11-23,-15580.868324
2011-11-22,-15854.5683555
2011-11-21,-15451.7737116
2011-11-20,-15983.5267054
2011-11-19,-14827.9733972
2011-11-18,-15646.3756001
2011-11-17,-18844.5527279
2011-11-16,-17280.6973634
2011-11-15,-23259.8829508
2011-11-14,-20595.618002
2011-11-13,-22769.8316032
2011-11-12,-20984.4522604
2011-11-11,-18293.8736027
2011-11-10,-21739.706352
2011-11-09,-26301.4999426
2011-11-08,-21655.5283767
2011-11-07,-19828.8528248
2011-11-06,-22561.8061222
2011-11-05,-24063.992925
2011-11-04,-23003.243823
2011-11-03,-20939.1476137
2011-11-02,-25960.8712005
2011-11-01,-24437.8930066
2011-10-31,-23199.1088245
2011-10-30,-17691.3138738
2011-10-29,-22758.6401313
2011-10-28,-16590.24434
2011-10-27,-17529.2400388
2011-10-26,-15664.4334153
2011-10-25,-19750.8302232
2011-10-24,-19669.6191199
2011-10-23,-17629.8899507
2011-10-22,-15501.2082447
2011-10-21,-18760.5389482
2011-10-20,-12449.1068012
2011-10-19,-17480.8505721
2011-10-18,-18405.8443152
2011-10-17,-21226.9756971
2011-10-16,-23979.5736653
2011-10-15,-28538.4099201
2011-10-14,-27347.4715921
2011-10-13,-20226.6536803
2011-10-12,-25007.372327
2011-10-11,-21922.1350501
2011-10-10,-25116.7384353
2011-10-09,-26978.8358764
2011-10-08,-29613.2512327
2011-10-07,-31012.4438209
2011-10-06,-32751.6531793
2011-10-05,-34403.5416727
2011-10-04,-32677.8904547
2011-10-03,-32943.0513981
2011-10-02,-33781.1782788
2011-10-01,-36021.0933826
2011-09-30,-32884.3908191
2011-09-29,-32203.1660876
2011-09-28,-33154.0198283
2011-09-27,-34863.8067188
2011-09-26,-37383.7695242
2011-09-25,-39032.2057056
2011-09-24,-35051.4099566
2011-09-23,-38211.8466629
2011-09-22,-43698.9744273
2011-09-21,-46487.5477104
2011-09-20,-47184.360469
2011-09-19,-34126.3488591
2011-09-18,-41725.1976525
2011-09-17,-30857.80146
2011-09-16,-32907.2476289
2011-09-15,-42083.8833113
2011-09-14,-45500.9012154
2011-09-13,-42470.332146
2011-09-12,-45988.3492959
2011-09-11,-51025.084841
2011-09-10,-44357.1840502
2011-09-09,-48528.6501853
2011-09-08,-45683.0916702
2011-09-07,-55792.2408868
2011-09-06,-57379.410966
2011-09-05,-65135.2128667
2011-09-04,-54063.9801565
2011-09-03,-61815.0446266
2011-09-02,-68796.3839207
2011-09-01,-53605.1878117
2011-08-31,-67859.0980671
2011-08-30,-70866.0229669
2011-08-29,-59206.1224616
2011-08-28,-53995.719592
2011-08-27,-59624.2584054
2011-08-26,-79257.6171037
2011-08-25,-70104.3291223
2011-08-24,-74561.411206
2011-08-23,-97602.3023629
2011-08-22,-101125.641559
2011-08-21,-83962.9434787
2011-08-20,-85463.4852739
2011-08-19,-79629.9501825
2011-08-18,-92121.6430906
2011-08-17,-72794.6128275
2011-08-16,-76706.0033694
2011-08-15,-84903.360091
2011-08-14,-69016.0929519
2011-08-13,-64251.6803854
2011-08-12,-67719.6807862
2011-08-11,-70753.1796284
2011-08-10,-88709.0882817
2011-08-09,-80330.9270838
2011-08-08,-57269.22283
2011-08-07,-62985.3333537
2011-08-06,-68118.1625058
2011-08-05,-79621.1915023
2011-08-04,-76293.5200776
2011-08-03,-104046.872555
2011-08-02,-98751.4416941
2011-08-01,-118462.376298
2011-07-31,-125067.853758
2011-07-30,-104788.839822
2011-07-29,-110998.141
2011-07-28,-116795.602032
2011-07-27,-127040.305995
2011-07-26,-121555.953512
2011-07-25,-115513.680893
2011-07-24,-122913.489487
2011-07-23,-100783.391461
2011-07-22,-99498.9523946
2011-07-21,-107895.998646
2011-07-20,-100224.470242
2011-07-19,-120288.82535
2011-07-18,-104586.156861
2011-07-17,-117788.136301
2011-07-16,-111905.493212
2011-07-15,-114915.75885
2011-07-14,-108368.018287
2011-07-13,-129251.15792
2011-07-12,-105228.854928
2011-07-11,-113029.936027
2011-07-10,-112695.345568
2011-07-09,-118297.407736
2011-07-08,-114770.791726
2011-07-07,-110259.799849
2011-07-06,-128390.911412
2011-07-05,-112993.424331
2011-07-04,-129728.092721
2011-07-03,-125396.597017
2011-07-02,-143996.631542
2011-07-01,-152711.717666
2011-06-30,-158054.451013
2011-06-29,-152754.216021
2011-06-28,-133659.309169
2011-06-27,-143486.983624
2011-06-26,-135307.097609
2011-06-25,-132492.891182
2011-06-24,-200748.144012
2011-06-23,-190143.244122
2011-06-22,-202905.756644
2011-06-21,-178742.167657
2011-06-20,-200894.581886
2011-06-19,-206193.134232
2011-06-18,-173199.254708
2011-06-17,-173911.634427
2011-06-16,-199964.815762
2011-06-15,-281151.216227
2011-06-14,-235434.964042
2011-06-13,-299129.036257
2011-06-12,-296352.623266
2011-06-11,-346898.374877
2011-06-10,-394175.119582
2011-06-09,-332375.396129
2011-06-08,-290724.161508
2011-06-07,-160513.193015
2011-06-06,-239866.19518
2011-06-05,-197132.355036
2011-06-04,-187476.387294
2011-06-03,-144764.079766
2011-06-02,-100149.881912
2011-06-01,-83376.8482159
2011-05-31,-71049.4061864
2011-05-30,-68706.3784529
2011-05-29,-73395.4030074
2011-05-28,-67581.1055724
2011-05-27,-88161.4190091
2011-05-26,-148158.004173
2011-05-25,-109485.286154
2011-05-24,-106062.510302
2011-05-23,-103040.035463
2011-05-22,-83807.0754447
2011-05-21,-70202.824031
2011-05-20,-79399.5847596
2011-05-19,-66290.3922742
2011-05-18,-111285.62503
2011-05-17,-108945.599226
2011-05-16,-95067.2909633
2011-05-15,-97346.4741287
2011-05-14,-110236.426969
2011-05-13,-84826.8225825
2011-05-12,-48756.4594393
2011-05-11,-56649.1317012
2011-05-10,-51961.4195252
2011-05-09,-48969.5936829
2011-05-08,-40146.7746152
2011-05-07,-40489.8220439
2011-05-06,-35783.8614753
2011-05-05,-39872.9026419
2011-05-04,-33273.4510997
2011-05-03,-36105.0101819
2011-05-02,-31082.2614334
2011-05-01,-40034.9165445
2011-04-30,-38347.4305913
2011-04-29,-27251.059811
2011-04-28,-21050.5583332
2011-04-27,-18507.5500406
2011-04-26,-16684.9350421
2011-04-25,-15976.0075747
2011-04-24,-15390.6421066
2011-04-23,-13158.2743453
2011-04-22,-11515.9475466
2011-04-21,-9878.31464483
2011-04-20,-8616.06955657
2011-04-19,-8382.50127427
2011-04-18,-9356.53797873
2011-04-17,-9654.3923875
2011-04-16,-9139.07817509
2011-04-15,-7355.08788412
2011-04-14,-7646.408286
2011-04-13,-10046.3286143
2011-04-12,-7485.94512537
2011-04-11,-6010.01306391
2011-04-10,-6370.85085914
2011-04-09,-6099.211432
2011-04-08,-6229.1637201
2011-04-07,-6215.93623746
2011-04-06,-5193.32757445
2011-04-05,-7167.144203
2011-04-04,-7105.34147428
2011-04-03,-6675.81055
2011-04-02,-7528.9832409
2011-04-01,-6997.257593
2011-03-31,-8086.5659232
2011-03-30,-6197.87493449
2011-03-29,-6156.96792
2011-03-28,-6984.4549775
2011-03-27,-6847.60517495
2011-03-26,-6375.9240095
2011-03-25,-7203.35896979
2011-03-24,-6831.3405669
2011-03-23,-6275.9013338
2011-03-22,-5028.75754969
2011-03-21,-6103.90323582
2011-03-20,-4936.44370783
2011-03-19,-4489.68117861
2011-03-18,-5868.21716555
2011-03-17,-5762.6817662
2011-03-16,-6495.3891
2011-03-15,-4362.91226553
2011-03-14,-5263.03654542
2011-03-13,-5470.22631292
2011-03-12,-6298.5774648
2011-03-11,-6290.88344256
2011-03-10,-5174.34271543
2011-03-09,-6978.5251958
2011-03-08,-8750.29931627
2011-03-07,-10675.5694841
2011-03-06,-12286.3357336
2011-03-05,-12174.3224285
2011-03-04,-9343.72643488
2011-03-03,-8594.992178
2011-03-02,-8025.5758743
2011-03-01,-6304.28748284
2011-02-28,-7925.56830253
2011-02-27,-13007.2896
2011-02-26,-12405.8134773
2011-02-25,-11099.7390285
2011-02-24,-10163.7802058
2011-02-23,-11542.1168441
2011-02-22,-9216.52419519
2011-02-21,-8179.8402
2011-02-20,-8975.85051872
2011-02-19,-8975.4798
2011-02-18,-11341.5689126
2011-02-17,-12601.6252465
2011-02-16,-12129.4598225
2011-02-15,-11500.0886
2011-02-14,-10041.6996
2011-02-13,-11015.6544
2011-02-12,-10353.3613256
2011-02-11,-9611.56258394
2011-02-10,-10394.1166515
2011-02-09,-8555.20753484
2011-02-08,-7739.71155832
2011-02-07,-9330.07973878
2011-02-06,-8049.8804
2011-02-05,-8387.60699665
2011-02-04,-8359.92443849
2011-02-03,-5587.4113577
2011-02-02,-6804.56667228
2011-02-01,-8501.85296651
2011-01-31,-3748.305
2011-01-30,-3935.89387782
2011-01-29,-3344.86086759
2011-01-28,-3667.4415
2011-01-27,-3338.995474
2011-01-26,-4143.69514984
2011-01-25,-3314.9405
2011-01-24,-3986.86308678
2011-01-23,-3776.42093718
2011-01-22,-3524.98278407
2011-01-21,-3915.99098627
2011-01-20,-3086.95319275
2011-01-19,-3009.8634924
2011-01-18,-3016.9474244
2011-01-17,-3459.93889429
2011-01-16,-3459.96865997
2011-01-15,-3439.9560489
2011-01-14,-3914.97527751
2011-01-13,-3746.2176
2011-01-12,-2922.41525483
2011-01-11,-2664.89013
2011-01-10,-2747.1240601
2011-01-09,-2454.74033793
2011-01-08,-3099.81434204
2011-01-07,-2318.37632491
2011-01-06,-2197.62381484
2011-01-05,-2242.4675426
2011-01-04,-2129.25904456
2011-01-03,-2459.77468547
2011-01-02,-2699.93661309
2011-01-01,-2669.96145436
2010-12-31,-2459.98479484
2010-12-30,-2399.95228448
2010-12-29,-2588.56312253
2010-12-28,-2365.97464225
2010-12-27,-2133.22128757
2010-12-26,-1984.47375007
2010-12-25,-2024.98814237
2010-12-24,-1874.97792668
2010-12-23,-1787.485
2010-12-22,-2109.25262605
2010-12-21,-2650.50201355
2010-12-20,-2186.22832075
2010-12-19,-2299.05196601
2010-12-18,-1967.04535826
2010-12-17,-2205.73627542
2010-12-16,-2286.84424546
2010-12-15,-2208.84213286
2010-12-14,-1874.4921895
2010-12-13,-1728.77040272
2010-12-12,-1983.56148313
2010-12-11,-1956.48242608
2010-12-10,-1529.98775978
2010-12-09,-2984.98871156
2010-12-08,-2860.915184
2010-12-07,-2632.89273492
2010-12-06,-2699.9875829
2010-12-05,-2796.49508679
2010-12-04,-2834.952411
2010-12-03,-2450.874894
2010-12-02,-2412.4825
2010-12-01,-1991.2455
2010-11-30,-2887.49725
2010-11-29,-2957.39163
2010-11-28,-2362.2601539
2010-11-27,-2602.24800601
2010-11-26,-2933.24307
2010-11-25,-2150.724
2010-11-24,-2617.5697731
2010-11-23,-2072.724534
2010-11-22,-2255.8308
2010-11-21,-1957.1607
2010-11-20,-1661.53903
2010-11-19,-2348.9
2010-11-18,-3813.48685
2010-11-17,-3500.0
2010-11-16,-2558.299304
2010-11-15,-3124.94
2010-11-14,-3558.1
2010-11-13,-3285.0
2010-11-12,-2146.05
2010-11-11,-2784.0
2010-11-10,-2573.655
2010-11-09,-4041.6
2010-11-08,-4828.1929
2010-11-07,-6199.9876
2010-11-06,-2929.0
2010-11-05,-2626.905
2010-11-04,-2253.8955
2010-11-03,-2763.75
2010-11-02,-1642.2
2010-11-01,-1856.5
2010-10-31,-1810.9
2010-10-30,-2302.8
2010-10-29,-2244.25
2010-10-28,-2042.6075
2010-10-27,-2014.0
2010-10-26,-2299.0
2010-10-25,-1575.0
2010-10-24,-1795.5
2010-10-23,-948.3815495
2010-10-22,-818.55
2010-10-21,-1269.84915349
2010-10-20,-1205.1
2010-10-19,-1244.16
2010-10-18,-1344.14794
2010-10-17,-1473.45
2010-10-16,-1302.55
2010-10-15,-1100.75
2010-10-14,-1007.96325
2010-10-13,-802.75
2010-10-12,-792.0
2010-10-11,-1073.32499986
2010-10-10,-1032.0
2010-10-09,-918.0765
2010-10-08,-682.0
2010-10-07,-551.87
2010-10-06,-481.079999931
2010-10-05,-387.5115
2010-10-04,-477.399999932
2010-10-03,-371.469523037
2010-10-02,-337.894068506
2010-10-01,-483.55748056
2010-09-30,-436.536
2010-09-29,-550.3174443
2010-09-28,-677.2422889
2010-09-27,-740.25015588
2010-09-26,-613.44815
2010-09-25,-630.24
2010-09-24,-772.563
2010-09-23,-667.8
2010-09-22,-543.22
2010-09-21,-560.204999994
2010-09-20,-668.87
2010-09-19,-657.2895
2010-09-18,-721.654038
2010-09-17,-657.72
2010-09-16,-588.05
2010-09-15,-1645.0
2010-09-14,-624.974384408
2010-09-13,-508.482
2010-09-12,-594.73110015
2010-09-11,-502.2
2010-09-10,-530.185499988
2010-09-09,-471.113136
2010-09-08,-471.275999988
2010-09-07,-466.9675
2010-09-06,-540.799999994
2010-09-05,-509.489371
2010-09-04,-548.635
2010-09-03,-507.2
2010-09-02,-474.894999994
2010-09-01,-571.111562994
2010-08-31,-568.474505981
2010-08-30,-514.0224
2010-08-29,-511.910927961
2010-08-28,-581.749999968
2010-08-27,-578.5
2010-08-26,-691.5896
2010-08-25,-754.7218
2010-08-24,-685.61225
2010-08-23,-716.1
2010-08-22,-660.68
2010-08-21,-615.4708
2010-08-20,-556.945
2010-08-19,-481.6
2010-08-18,-491.98456
2010-08-17,-503.643477
2010-08-16,0.0
2010-08-15,0.0
2010-08-14,0.0
2010-08-13,0.0
2010-08-12,0.0
2010-08-11,0.0
2010-08-10,0.0
2010-08-09,0.0
2010-08-08,0.0
2010-08-07,0.0
2010-08-06,0.0
2010-08-05,0.0
2010-08-04,0.0
2010-08-03,0.0
2010-08-02,0.0
2010-08-01,0.0
2010-07-31,0.0
2010-07-30,0.0
2010-07-29,0.0
2010-07-28,0.0
2010-07-27,0.0
2010-07-26,0.0
2010-07-25,0.0
2010-07-24,0.0
2010-07-23,0.0
2010-07-22,0.0
2010-07-21,0.0
2010-07-20,0.0
2010-07-19,0.0
2010-07-18,0.0
2010-07-17,0.0
2010-07-16,0.0
2010-07-15,0.0
2010-07-14,0.0
2010-07-13,0.0
2010-07-12,0.0
2010-07-11,0.0
2010-07-10,0.0
2010-07-09,0.0
2010-07-08,0.0
2010-07-07,0.0
2010-07-06,0.0
2010-07-05,0.0
2010-07-04,0.0
2010-07-03,0.0
2010-07-02,0.0
2010-07-01,0.0
2010-06-30,0.0
2010-06-29,0.0
2010-06-28,0.0
2010-06-27,0.0
2010-06-26,0.0
2010-06-25,0.0
2010-06-24,0.0
2010-06-23,0.0
2010-06-22,0.0
2010-06-21,0.0
2010-06-20,0.0
2010-06-19,0.0
2010-06-18,0.0
2010-06-17,0.0
2010-06-16,0.0
2010-06-15,0.0
2010-06-14,0.0
2010-06-13,0.0
2010-06-12,0.0
2010-06-11,0.0
2010-06-10,0.0
2010-06-09,0.0
2010-06-08,0.0
2010-06-07,0.0
2010-06-06,0.0
2010-06-05,0.0
2010-06-04,0.0
2010-06-03,0.0
2010-06-02,0.0
2010-06-01,0.0
2010-05-31,0.0
2010-05-30,0.0
2010-05-29,0.0
2010-05-28,0.0
2010-05-27,0.0
2010-05-26,0.0
2010-05-25,0.0
2010-05-24,0.0
2010-05-23,0.0
2010-05-22,0.0
2010-05-21,0.0
2010-05-20,0.0
2010-05-19,0.0
2010-05-18,0.0
2010-05-17,0.0
2010-05-16,0.0
2010-05-15,0.0
2010-05-14,0.0
2010-05-13,0.0
2010-05-12,0.0
2010-05-11,0.0
2010-05-10,0.0
2010-05-09,0.0
2010-05-08,0.0
2010-05-07,0.0
2010-05-06,0.0
2010-05-05,0.0
2010-05-04,0.0
2010-05-03,0.0
2010-05-02,0.0
2010-05-01,0.0
2010-04-30,0.0
2010-04-29,0.0
2010-04-28,0.0
2010-04-27,0.0
2010-04-26,0.0
2010-04-25,0.0
2010-04-24,0.0
2010-04-23,0.0
2010-04-22,0.0
2010-04-21,0.0
2010-04-20,0.0
2010-04-19,0.0
2010-04-18,0.0
2010-04-17,0.0
2010-04-16,0.0
2010-04-15,0.0
2010-04-14,0.0
2010-04-13,0.0
2010-04-12,0.0
2010-04-11,0.0
2010-04-10,0.0
2010-04-09,0.0
2010-04-08,0.0
2010-04-07,0.0
2010-04-06,0.0
2010-04-05,0.0
2010-04-04,0.0
2010-04-03,0.0
2010-04-02,0.0
2010-04-01,0.0
2010-03-31,0.0
2010-03-30,0.0
2010-03-29,0.0
2010-03-28,0.0
2010-03-27,0.0
2010-03-26,0.0
2010-03-25,0.0
2010-03-24,0.0
2010-03-23,0.0
2010-03-22,0.0
2010-03-21,0.0
2010-03-20,0.0
2010-03-19,0.0
2010-03-18,0.0
2010-03-17,0.0
2010-03-16,0.0
2010-03-15,0.0
2010-03-14,0.0
2010-03-13,0.0
2010-03-12,0.0
2010-03-11,0.0
2010-03-10,0.0
2010-03-09,0.0
2010-03-08,0.0
2010-03-07,0.0
2010-03-06,0.0
2010-03-05,0.0
2010-03-04,0.0
2010-03-03,0.0
2010-03-02,0.0
2010-03-01,0.0
2010-02-28,0.0
2010-02-27,0.0
2010-02-26,0.0
2010-02-25,0.0
2010-02-24,0.0
2010-02-23,0.0
2010-02-22,0.0
2010-02-21,0.0
2010-02-20,0.0
2010-02-19,0.0
2010-02-18,0.0
2010-02-17,0.0
2010-02-16,0.0
2010-02-15,0.0
2010-02-14,0.0
2010-02-13,0.0
2010-02-12,0.0
2010-02-11,0.0
2010-02-10,0.0
2010-02-09,0.0
2010-02-08,0.0
2010-02-07,0.0
2010-02-06,0.0
2010-02-05,0.0
2010-02-04,0.0
2010-02-03,0.0
2010-02-02,0.0
2010-02-01,0.0
2010-01-31,0.0
2010-01-30,0.0
2010-01-29,0.0
2010-01-28,0.0
2010-01-27,0.0
2010-01-26,0.0
2010-01-25,0.0
2010-01-24,0.0
2010-01-23,0.0
2010-01-22,0.0
2010-01-21,0.0
2010-01-20,0.0
2010-01-19,0.0
2010-01-18,0.0
2010-01-17,0.0
2010-01-16,0.0
2010-01-15,0.0
2010-01-14,0.0
2010-01-13,0.0
2010-01-12,0.0
2010-01-11,0.0
2010-01-10,0.0
2010-01-09,0.0
2010-01-08,0.0
2010-01-07,0.0
2010-01-06,0.0
2010-01-05,0.0
2010-01-04,0.0
2010-01-03,0.0
2010-01-02,0.0
2010-01-01,0.0
2009-12-31,0.0
2009-12-30,0.0
2009-12-29,0.0
2009-12-28,0.0
2009-12-27,0.0
2009-12-26,0.0
2009-12-25,0.0
2009-12-24,0.0
2009-12-23,0.0
2009-12-22,0.0
2009-12-21,0.0
2009-12-20,0.0
2009-12-19,0.0
2009-12-18,0.0
2009-12-17,0.0
2009-12-16,0.0
2009-12-15,0.0
2009-12-14,0.0
2009-12-13,0.0
2009-12-12,0.0
2009-12-11,0.0
2009-12-10,0.0
2009-12-09,0.0
2009-12-08,0.0
2009-12-07,0.0
2009-12-06,0.0
2009-12-05,0.0
2009-12-04,0.0
2009-12-03,0.0
2009-12-02,0.0
2009-12-01,0.0
2009-11-30,0.0
2009-11-29,0.0
2009-11-28,0.0
2009-11-27,0.0
2009-11-26,0.0
2009-11-25,0.0
2009-11-24,0.0
2009-11-23,0.0
2009-11-22,0.0
2009-11-21,0.0
2009-11-20,0.0
2009-11-19,0.0
2009-11-18,0.0
2009-11-17,0.0
2009-11-16,0.0
2009-11-15,0.0
2009-11-14,0.0
2009-11-13,0.0
2009-11-12,0.0
2009-11-11,0.0
2009-11-10,0.0
2009-11-09,0.0
2009-11-08,0.0
2009-11-07,0.0
2009-11-06,0.0
2009-11-05,0.0
2009-11-04,0.0
2009-11-03,0.0
2009-11-02,0.0
2009-11-01,0.0
2009-10-31,0.0
2009-10-30,0.0
2009-10-29,0.0
2009-10-28,0.0
2009-10-27,0.0
2009-10-26,0.0
2009-10-25,0.0
2009-10-24,0.0
2009-10-23,0.0
2009-10-22,0.0
2009-10-21,0.0
2009-10-20,0.0
2009-10-19,0.0
2009-10-18,0.0
2009-10-17,0.0
2009-10-16,0.0
2009-10-15,0.0
2009-10-14,0.0
2009-10-13,0.0
2009-10-12,0.0
2009-10-11,0.0
2009-10-10,0.0
2009-10-09,0.0
2009-10-08,0.0
2009-10-07,0.0
2009-10-06,0.0
2009-10-05,0.0
2009-10-04,0.0
2009-10-03,0.0
2009-10-02,0.0
2009-10-01,0.0
2009-09-30,0.0
2009-09-29,0.0
2009-09-28,0.0
2009-09-27,0.0
2009-09-26,0.0
2009-09-25,0.0
2009-09-24,0.0
2009-09-23,0.0
2009-09-22,0.0
2009-09-21,0.0
2009-09-20,0.0
2009-09-19,0.0
2009-09-18,0.0
2009-09-17,0.0
2009-09-16,0.0
2009-09-15,0.0
2009-09-14,0.0
2009-09-13,0.0
2009-09-12,0.0
2009-09-11,0.0
2009-09-10,0.0
2009-09-09,0.0
2009-09-08,0.0
2009-09-07,0.0
2009-09-06,0.0
2009-09-05,0.0
2009-09-04,0.0
2009-09-03,0.0
2009-09-02,0.0
2009-09-01,0.0
2009-08-31,0.0
2009-08-30,0.0
2009-08-29,0.0
2009-08-28,0.0
2009-08-27,0.0
2009-08-26,0.0
2009-08-25,0.0
2009-08-24,0.0
2009-08-23,0.0
2009-08-22,0.0
2009-08-21,0.0
2009-08-20,0.0
2009-08-19,0.0
2009-08-18,0.0
2009-08-17,0.0
2009-08-16,0.0
2009-08-15,0.0
2009-08-14,0.0
2009-08-13,0.0
2009-08-12,0.0
2009-08-11,0.0
2009-08-10,0.0
2009-08-09,0.0
2009-08-08,0.0
2009-08-07,0.0
2009-08-06,0.0
2009-08-05,0.0
2009-08-04,0.0
2009-08-03,0.0
2009-08-02,0.0
2009-08-01,0.0
2009-07-31,0.0
2009-07-30,0.0
2009-07-29,0.0
2009-07-28,0.0
2009-07-27,0.0
2009-07-26,0.0
2009-07-25,0.0
2009-07-24,0.0
2009-07-23,0.0
2009-07-22,0.0
2009-07-21,0.0
2009-07-20,0.0
2009-07-19,0.0
2009-07-18,0.0
2009-07-17,0.0
2009-07-16,0.0
2009-07-15,0.0
2009-07-14,0.0
2009-07-13,0.0
2009-07-12,0.0
2009-07-11,0.0
2009-07-10,0.0
2009-07-09,0.0
2009-07-08,0.0
2009-07-07,0.0
2009-07-06,0.0
2009-07-05,0.0
2009-07-04,0.0
2009-07-03,0.0
2009-07-02,0.0
2009-07-01,0.0
2009-06-30,0.0
2009-06-29,0.0
2009-06-28,0.0
2009-06-27,0.0
2009-06-26,0.0
2009-06-25,0.0
2009-06-24,0.0
2009-06-23,0.0
2009-06-22,0.0
2009-06-21,0.0
2009-06-20,0.0
2009-06-19,0.0
2009-06-18,0.0
2009-06-17,0.0
2009-06-16,0.0
2009-06-15,0.0
2009-06-14,0.0
2009-06-13,0.0
2009-06-12,0.0
2009-06-11,0.0
2009-06-10,0.0
2009-06-09,0.0
2009-06-08,0.0
2009-06-07,0.0
2009-06-06,0.0
2009-06-05,0.0
2009-06-04,0.0
2009-06-03,0.0
2009-06-02,0.0
2009-06-01,0.0
2009-05-31,0.0
2009-05-30,0.0
2009-05-29,0.0
2009-05-28,0.0
2009-05-27,0.0
2009-05-26,0.0
2009-05-25,0.0
2009-05-24,0.0
2009-05-23,0.0
2009-05-22,0.0
2009-05-21,0.0
2009-05-20,0.0
2009-05-19,0.0
2009-05-18,0.0
2009-05-17,0.0
2009-05-16,0.0
2009-05-15,0.0
2009-05-14,0.0
2009-05-13,0.0
2009-05-12,0.0
2009-05-11,0.0
2009-05-10,0.0
2009-05-09,0.0
2009-05-08,0.0
2009-05-07,0.0
2009-05-06,0.0
2009-05-05,0.0
2009-05-04,0.0
2009-05-03,0.0
2009-05-02,0.0
2009-05-01,0.0
2009-04-30,0.0
2009-04-29,0.0
2009-04-28,0.0
2009-04-27,0.0
2009-04-26,0.0
2009-04-25,0.0
2009-04-24,0.0
2009-04-23,0.0
2009-04-22,0.0
2009-04-21,0.0
2009-04-20,0.0
2009-04-19,0.0
2009-04-18,0.0
2009-04-17,0.0
2009-04-16,0.0
2009-04-15,0.0
2009-04-14,0.0
2009-04-13,0.0
2009-04-12,0.0
2009-04-11,0.0
2009-04-10,0.0
2009-04-09,0.0
2009-04-08,0.0
2009-04-07,0.0
2009-04-06,0.0
2009-04-05,0.0
2009-04-04,0.0
2009-04-03,0.0
2009-04-02,0.0
2009-04-01,0.0
2009-03-31,0.0
2009-03-30,0.0
2009-03-29,0.0
2009-03-28,0.0
2009-03-27,0.0
2009-03-26,0.0
2009-03-25,0.0
2009-03-24,0.0
2009-03-23,0.0
2009-03-22,0.0
2009-03-21,0.0
2009-03-20,0.0
2009-03-19,0.0
2009-03-18,0.0
2009-03-17,0.0
2009-03-16,0.0
2009-03-15,0.0
2009-03-14,0.0
2009-03-13,0.0
2009-03-12,0.0
2009-03-11,0.0
2009-03-10,0.0
2009-03-09,0.0
2009-03-08,0.0
2009-03-07,0.0
2009-03-06,0.0
2009-03-05,0.0
2009-03-04,0.0
2009-03-03,0.0
2009-03-02,0.0
2009-03-01,0.0
2009-02-28,0.0
2009-02-27,0.0
2009-02-26,0.0
2009-02-25,0.0
2009-02-24,0.0
2009-02-23,0.0
2009-02-22,0.0
2009-02-21,0.0
2009-02-20,0.0
2009-02-19,0.0
2009-02-18,0.0
2009-02-17,0.0
2009-02-16,0.0
2009-02-15,0.0
2009-02-14,0.0
2009-02-13,0.0
2009-02-12,0.0
2009-02-11,0.0
2009-02-10,0.0
2009-02-09,0.0
2009-02-08,0.0
2009-02-07,0.0
2009-02-06,0.0
2009-02-05,0.0
2009-02-04,0.0
2009-02-03,0.0
2009-02-02,0.0
2009-02-01,0.0
2009-01-31,0.0
2009-01-30,0.0
2009-01-29,0.0
2009-01-28,0.0
2009-01-27,0.0
2009-01-26,0.0
2009-01-25,0.0
2009-01-24,0.0
2009-01-23,0.0
2009-01-22,0.0
2009-01-21,0.0
2009-01-20,0.0
2009-01-19,0.0
2009-01-18,0.0
2009-01-17,0.0
2009-01-16,0.0
2009-01-15,0.0
2009-01-14,0.0
2009-01-13,0.0
2009-01-12,0.0
2009-01-11,0.0
2009-01-10,0.0
2009-01-09,0.0
2009-01-08,0.0
2009-01-07,0.0
2009-01-06,0.0
2009-01-05,0.0
2009-01-04,0.0
2009-01-03,0.0
